<?xml version="1.0" encoding="UTF-8" ?>
<!DOCTYPE configuration
        PUBLIC "-//mybatis.org//DTD Config 3.0//EN"
        "http://mybatis.org/dtd/mybatis-3-config.dtd">
<configuration>

    <settings>
        <setting name="cacheEnabled" value="true"/><!--  开启二级缓存 -->
        <setting name="mapUnderscoreToCamelCase" value="true"/> <!-- 开启驼峰命名自动映射 -->
       <!-- <setting name="lazyLoadingEnabled" value = "true" />-->
    </settings>

    <typeAliases>
        <package name="com.itheima.pojo"/>
    </typeAliases>
    <!--
    environments：配置数据库连接环境信息。可以配置多个environment，通过default属性切换不同的environment
    -->
    <environments default="development">
        <environment id="development">
            <transactionManager type="JDBC"/>
            <dataSource type="POOLED">
                <!--数据库连接信息-->
                <property name="driver" value="com.mysql.jdbc.Driver"/>
                <property name="url" value="jdbc:mysql:///mybatis?useSSL=false"/>
                <property name="username" value="root"/>
                <property name="password" value="root"/>
            </dataSource>
        </environment>
    </environments>
    <mappers>
        <!--加载sql映射文件-->
<!--        <mapper resource="com/itheima/mapper/UserMapper.xml"/>-->
        <!--Mapper代理方式-->
        <package name="com.itheima.mapper"/>
    </mappers>


</configuration>